variant_id,CHROM,POS,REF,ALT,Gene,Build
Jurkathg19,chr1,47704968,C,CCGTTTCCTAACC,,
Jurkathg38,chr1,47239296,C,CCGTTTCCTAACC,,
rs2293765,chr2,191520845,A,C,NAB1,hg19
rs11900804,chr2,191533767,T,C,NAB1,hg19
rs2192008,chr2,191545147,G,A,NAB1,hg19
rs744600,chr2,191564757,T,G,NAB1,hg19
rs10202868,chr2,191563991,T,C,NAB1,hg19
rs2910194,chr5,159844175,C,T,SLE,hg19
rs2431698,chr5,159884083,G,T,SLE,hg19
rs2431697,chr5,159879978,T,C,SLE,hg19
rs2431099,chr5,159886620,G,A,SLE,hg19
rs4841466,chr8,10828909,C,T,XKR6,hg19
rs11250098,chr8,10818607,G,A,XKR6,hg19
rs11250099,chr8,10818657,G,A,XKR6,hg19
rs4841465,chr8,10819854,T,C,XKR6,hg19
rs3885690,chr8,10826869,T,C,XKR7,hg19
rs7210219,chr17,44018519,T,C,MAPT-CRHR1,hg19
rs2696609,chr17,44293205,A,G,MAPT-CRHR1,hg19
rs7215239,chr17,43767773,T,C,MAPT-CRHR1,hg19
rs8071514,chr17,78964083,A,C,RPTOR-CHMP6-BAIAP6,hg19
rs6565516,chr17,78965146,G,A,RPTOR-CHMP6-BAIAP6,hg19
rs4969331,chr17,78966915,T,C,RPTOR-CHMP6-BAIAP6,hg19
rs11085725,chr19,10462513,C,T,TYK2,hg19
rs74908652,chr19,10828909,T,C,TYK2,hg19
rs753859,chr19,10531224,G,C,TYK2,hg19
rs34953890,chr19,10526854,C,A,TYK2,hg19
rs2304256,chr19,10475652,C,A,TYK2,hg19
rs2069235,chr22,39747780,G,A,SYNGR1,hg19
rs909685,chr22,39747671,T,A,SYNGR1,hg19
rs3747177,chr22,39747780,C,A,SYNGR1,hg19
rs5757611,chr22,39708357,C,T,SYNGR1,hg19
rs7523907,chr1,167427247,T,C,CD247,hg19
rs2949661,chr1,167424924,C,T,CD247,hg19
rs1723018,chr1,167433420,T,C,CD247,hg19
rs2056626,chr1,167420425,T,G,CD247,hg19
rs864537,chr1,167411384,A,G,CD247,hg19
rs526531,chr6,106570056,G,A,PRDM1-ATG5,hg19
rs533733,chr6,106564236,G,A,PRDM1-ATG5,hg19
rs7768653,chr6,106574794,C,T,PRDM1-ATG5,hg19
rs4946728,chr6,106590363,C,A,PRDM1-ATG5,hg19
rs61117627,chr6,138243700,G,A,TNFAIP2,hg19
rs58905141,chr6,138132123,A,G,TNFAIP3,hg19
rs5029937,chr6,138195151,G,T,TNFAIP3,hg19
rs5029924,chr6,138187498,C,T,TNFAIP3,hg19
rs2230926,chr6,138196066,T,G,TNFAIP3,hg19
rs7749323,chr6,138230389,G,A,TNFAIP4,hg19